No,namaGrup,kataKunci,pengeluaran,pendapatan,totalEfektivitasIklan,efektivitasIklan,tampil,klik,persentaseKlik,terjual,totTerjual,rataRata,tampilTeratas
1,drink,Kir Royal,8267,285041,34,34,580,4,0.69,0,0,2067,235
2,vegetable,Water Spinach,15745,326494,21,21,192,7,3.65,0,5,2249,63
3,vegetable,Zucchini,13724,156089,11,11,85,8,9.41,0,6,1716,187
4,vegetable,Brussels Sprouts,18083,115384,6,6,135,9,6.67,0,0,2009,223
5,dish,Mozzarella sticks,4623,297798,64,64,402,2,0.5,0,0,2312,255
6,fruit,Durian,18004,103505,6,6,143,0,0.0,0,0,0,45
7,dish,Fries,6209,274460,44,44,492,3,0.61,0,0,2070,210
8,dish,Tres Leches Cake,18026,110051,6,6,496,4,0.81,0,0,4506,120
9,fruit,Bignay,14874,59267,4,4,609,7,1.15,0,0,2125,154
10,fruit,Cloudberry,4640,95698,21,21,203,0,0.0,0,0,0,268
11,spices,Aniseed myrtle,17078,219845,13,13,661,7,1.06,0,0,2440,200
12,dish,Bread,19920,269380,14,14,561,5,0.89,0,0,3984,219
13,dish,Chicago Deep Dish Pizza,5266,235655,45,45,3,1,33.33,0,0,5266,231
14,vegetable,Chayote,11294,136051,12,12,152,10,6.58,0,1,1129,244
15,fruit,Kandis,19038,374186,20,20,383,8,2.09,0,0,2380,72
16,spices,Jimbu,19234,338502,18,18,653,9,1.38,0,10,2137,216
17,vegetable,Candle Corn,14879,85933,6,6,72,1,1.39,0,0,14879,2
18,dish,New York-Style Pizza,12252,129151,11,11,526,10,1.9,0,0,1225,200
19,fruit,Lingonberry,5423,69209,13,13,508,5,0.98,0,0,1085,116
20,fruit,Melon pear,10835,159914,15,15,77,5,6.49,0,0,2167,146
21,vegetable,Turnip,12760,408545,32,32,128,4,3.12,0,0,3190,203
22,fruit,Raisin,10199,150139,15,15,665,2,0.3,0,9,5100,223
23,drink,Pink Gin,3334,269559,81,81,33,10,30.3,0,0,333,187
24,spices,Saigon cinnamon,8678,253746,29,29,83,10,12.05,0,5,868,41
25,drink,Tom Collins,5050,382361,76,76,410,8,1.95,0,0,631,106
26,drink,Blue Hawaii,5735,208739,36,36,96,2,2.08,0,7,2868,267
27,dish,Abalone,2401,289333,121,121,108,3,2.78,0,0,800,82
28,fruit,Partridgeberry,486,318142,655,655,390,1,0.26,0,0,486,194
29,dish,Liver and onions,9086,271759,30,30,453,8,1.77,0,0,1136,259
30,fruit,Bacupari,12693,79048,6,6,641,1,0.16,0,0,12693,173
31,fruit,Beach plum,4204,233428,56,56,569,8,1.41,0,0,526,175
32,vegetable,Romaine,11007,405804,37,37,160,8,5.0,0,0,1376,183
33,dish,Texas Toast,11829,359773,30,30,576,0,0.0,0,0,0,174
34,fruit,Northern highbush blueberry,9440,403567,43,43,684,9,1.32,0,0,1049,287
35,spices,Akudjura,13126,327106,25,25,314,4,1.27,0,0,3282,52
36,vegetable,Daikon Radish,4258,464247,109,109,502,10,1.99,0,0,426,203
37,vegetable,Watercress,12771,171847,13,13,661,9,1.36,0,0,1419,88
38,fruit,Cocoplum,19322,208107,11,11,625,1,0.16,0,4,19322,6
39,fruit,Barbadine,19774,167675,8,8,213,7,3.29,2,9,2825,158
40,vegetable,Bok Choi,18678,388705,21,21,644,8,1.24,0,10,2335,85
41,vegetable,Rutabagat,18604,359484,19,19,127,1,0.79,0,0,18604,1
42,drink,A Black Jack,18016,83688,5,5,270,0,0.0,0,6,0,67
43,drink,Green Vesper,1421,487786,343,343,381,6,1.57,0,10,237,57
44,fruit,Lime,13784,392032,28,28,408,9,2.21,0,0,1532,119
45,vegetable,Sweet Potato,11204,216480,19,19,426,2,0.47,0,0,5602,262
46,fruit,Desert lime,8643,497597,58,58,151,0,0.0,0,0,0,124
47,dish,Corned beef,13651,355388,26,26,615,10,1.63,0,0,1365,137
48,fruit,Giant granadilla,11381,448268,39,39,0,3,0,0,0,3794,107
49,fruit,Loganberry,6960,325764,47,47,29,4,13.79,0,0,1740,294
50,fruit,Melon pear,16963,420232,25,25,625,8,1.28,0,0,2120,176
51,spices,Alkanet,5445,51128,9,9,271,5,1.85,0,0,1089,255
52,vegetable,Belgian Endive,7582,82926,11,11,430,2,0.47,0,0,3791,3
53,dish,Chocolate cheesecake,12751,289509,23,23,150,6,4.0,0,2,2125,120
54,drink,Incredible Hulk,676,324651,480,480,148,1,0.68,0,0,676,279
55,drink,Bay Breeze,12904,488426,38,38,540,10,1.85,0,0,1290,296
56,fruit,Canistel,14580,239269,16,16,53,2,3.77,0,0,7290,299
57,vegetable,Daikon Radish,19108,56305,3,3,666,9,1.35,0,0,2123,240
58,vegetable,Asparagus,4127,298831,72,72,429,2,0.47,0,7,2064,127
59,spices,"Cicely, sweet cicely",4101,346112,84,84,517,3,0.58,0,0,1367,192
60,spices,Anise,14618,69079,5,5,638,3,0.47,0,6,4873,260
61,fruit,Cloudberry,14131,68327,5,5,484,9,1.86,0,0,1570,238
62,fruit,Bog bilberry,3606,359502,100,100,219,4,1.83,0,9,902,59
63,fruit,Physalis,3356,233000,69,69,521,10,1.92,0,0,336,66
64,fruit,Blackberry,11684,176803,15,15,138,7,5.07,0,0,1669,108
65,drink,Hi-fi,44,434019,9864,9864,236,8,3.39,0,0,6,278
66,drink,Kir Royal,16897,143729,9,9,441,5,1.13,0,0,3379,166
67,dish,Haystack,15306,368439,24,24,81,2,2.47,0,4,7653,38
68,fruit,Aronia,1194,375409,314,314,418,1,0.24,0,0,1194,219
69,spices,Alkanet,14008,176891,13,13,525,10,1.9,0,0,1401,38
70,drink,Huangjiu,11488,83698,7,7,514,9,1.75,0,0,1276,171
71,dish,Bear claw,5755,272243,47,47,110,7,6.36,0,3,822,234
72,vegetable,Curly,11317,463086,41,41,175,10,5.71,0,7,1132,123
73,vegetable,Broccoli,18841,328819,17,17,389,2,0.51,0,0,9420,43
74,vegetable,Rapini,18719,210747,11,11,542,1,0.18,0,0,18719,200
75,spices,Clove,5987,113122,19,19,195,3,1.54,0,0,1996,72
76,vegetable,Hearts of Palm,13894,382510,28,28,413,2,0.48,0,0,6947,212
77,drink,Zombie,3799,433440,114,114,258,6,2.33,0,0,633,277
78,drink,Vodka,7326,350465,48,48,687,5,0.73,0,0,1465,270
79,fruit,Limeberry,68,68641,1009,1009,122,0,0.0,0,0,0,134
80,spices,Celery seed,18781,405061,22,22,465,2,0.43,0,0,9390,287
81,drink,Akvavit,7933,283154,36,36,566,9,1.59,0,0,881,112
82,spices,Safflower,4756,436237,92,92,686,4,0.58,0,0,1189,70
83,spices,Cumin,7231,153654,21,21,626,0,0.0,0,0,0,250
84,dish,Italian Beef Sandwich,13586,297378,22,22,636,5,0.79,0,6,2717,104
85,vegetable,Hearts of Palm,14138,124689,9,9,98,2,2.04,0,0,7069,176
86,fruit,Camu camu,16356,495422,30,30,81,6,7.41,0,0,2726,139
87,dish,Tamales,18547,91842,5,5,227,4,1.76,0,5,4637,255
88,dish,Fry sauce,14474,286559,20,20,33,8,24.24,0,0,1809,163
89,vegetable,Sunchokes,9306,267139,29,29,145,4,2.76,0,0,2326,258
90,dish,Spring Rolls,505,491102,972,972,585,4,0.68,0,0,126,136
91,drink,Mint Julep,16933,343656,20,20,190,8,4.21,0,0,2117,195
92,vegetable,Avocado,18855,265172,14,14,518,1,0.19,0,10,18855,263
93,spices,Lesser calamint,15408,438031,28,28,152,0,0.0,0,2,0,81
94,drink,Irish Car Bomb,3282,92087,28,28,391,10,2.56,0,7,328,178
95,spices,Bay leaf,1518,360192,237,237,13,2,15.38,0,6,759,131
96,vegetable,Dandelion Greens,1945,52381,27,27,424,7,1.65,0,0,278,114
97,vegetable,Rapini,1103,113949,103,103,245,9,3.67,0,0,123,66
98,spices,Chili pepper,17665,469255,27,27,160,10,6.25,0,0,1766,295
99,vegetable,Dandelion Greens,18930,212676,11,11,576,8,1.39,0,4,2366,206
100,fruit,Tayberry,4876,272642,56,56,134,9,6.72,0,0,542,43
101,drink,Aviation,14147,177619,13,13,323,10,3.1,0,0,1415,139
102,fruit,Calabash tree,2628,98165,37,37,345,3,0.87,0,0,876,92
103,vegetable,Rutabagat,15621,362366,23,23,647,3,0.46,0,8,5207,178
104,vegetable,Wax Beans,3003,63040,21,21,510,0,0.0,0,0,0,106
105,drink,Fluffy Critter,15256,292937,19,19,231,0,0.0,0,0,0,197
106,fruit,Highbush cranberry,19122,363618,19,19,174,0,0.0,0,1,0,259
107,drink,Salmiakki Koskenkorva,3130,444415,142,142,477,8,1.68,0,0,391,53
108,drink,Chi-Chi,9340,124995,13,13,592,5,0.84,0,0,1868,171
109,drink,Bobby Burns,18069,448187,25,25,475,10,2.11,0,9,1807,250
110,dish,Kung Pao Chicken,4524,385399,85,85,14,1,7.14,0,8,4524,207
111,dish,Pastrami,10528,135061,13,13,453,5,1.1,0,0,2106,282
112,dish,Surf and turf,11476,498403,43,43,80,4,5.0,0,0,2869,7
113,vegetable,Taro,9917,202691,20,20,138,0,0.0,0,1,0,106
114,fruit,Bilberry,7056,307157,44,44,219,2,0.91,0,0,3528,13
115,dish,Shawarma,15283,132330,9,9,111,1,0.9,0,5,15283,169
116,spices,Alexanders,826,161169,195,195,373,4,1.07,0,0,206,300
117,dish,Cobb Salad,1488,213431,143,143,163,2,1.23,0,0,744,21
118,dish,Brisket,11604,56759,5,5,568,3,0.53,0,0,3868,257
119,fruit,Dodder laurel,33,90891,2754,2754,189,0,0.0,0,8,0,213
120,vegetable,Cucumber,1852,445424,241,241,460,8,1.74,0,9,232,175
121,spices,Sassafras,873,233989,268,268,618,9,1.46,0,0,97,273
122,dish,Baklava,7422,193008,26,26,57,1,1.75,0,0,7422,270
123,fruit,Huito,5294,174177,33,33,565,2,0.35,0,0,2647,186
124,spices,Celery leaf,2284,101046,44,44,291,3,1.03,0,0,761,280
125,spices,Indian Bay leaf,14109,376106,27,27,338,1,0.3,0,10,14109,247
126,drink,Gin and tonic,11976,343398,29,29,126,6,4.76,0,0,1996,156
127,vegetable,Parsley Root,16087,365428,23,23,379,10,2.64,0,1,1609,107
128,fruit,Physalis,10594,467972,44,44,295,7,2.37,0,0,1513,50
129,vegetable,Kale,9998,453607,45,45,195,10,5.13,0,8,1000,85
130,spices,Bay leaf,3826,284550,74,74,9,3,33.33,0,6,1275,103
131,vegetable,Bean Sprouts,7571,249725,33,33,2,2,100.0,0,0,3786,175
132,dish,Celery Victor,17444,275543,16,16,414,7,1.69,0,1,2492,281
133,drink,Moonwalk,17298,64111,4,4,380,7,1.84,0,0,2471,240
134,vegetable,Swiss Chard,4705,54338,12,12,231,0,0.0,0,0,0,143
135,vegetable,Broccoli,15647,83483,5,5,572,2,0.35,0,10,7824,183
136,dish,Fried Catfish,14389,379898,26,26,505,6,1.19,0,0,2398,83
137,drink,Royce,19687,401393,20,20,694,5,0.72,0,0,3937,275
138,drink,Flaming Volcano,4000,117837,29,29,190,3,1.58,0,0,1333,295
139,drink,Hi-fi,8335,397339,48,48,117,0,0.0,0,0,0,85
140,spices,Celery leaf,10900,96504,9,9,301,6,1.99,0,7,1817,262
141,dish,Potato Wedges,17552,386679,22,22,365,10,2.74,0,0,1755,103
142,vegetable,Mustard Greens,14683,266517,18,18,463,3,0.65,0,0,4894,127
143,spices,"Licorice, liquorice",19750,253250,13,13,27,1,3.7,0,0,19750,164
144,drink,Gin Sour,6933,429541,62,62,392,10,2.55,0,0,693,131
145,fruit,Gooseberry,15670,453482,29,29,476,9,1.89,0,0,1741,259
146,fruit,Kahikatea,8026,209973,26,26,397,4,1.01,0,0,2006,201
147,spices,Artemisia,548,316269,577,577,221,4,1.81,0,1,137,121
148,spices,Jiaogulan,12708,53457,4,4,67,10,14.93,0,0,1271,60
149,vegetable,Snow peas,10739,190051,18,18,322,8,2.48,0,0,1342,31
150,drink,Tom and Jerry,5758,449432,78,78,588,6,1.02,0,0,960,34
151,vegetable,Shallots,3247,474441,146,146,450,4,0.89,0,0,812,192
152,vegetable,Rapini,11111,204274,18,18,205,9,4.39,0,0,1235,286
153,fruit,Triphasia brassii,10906,205112,19,19,574,8,1.39,0,0,1363,31
154,vegetable,Celtuce,14663,452856,31,31,405,3,0.74,0,0,4888,16
155,spices,Ajwain,14048,144205,10,10,190,4,2.11,0,0,3512,173
156,dish,Cheese dog,16455,464759,28,28,447,4,0.89,0,0,4114,189
157,dish,Risotto,7275,395810,54,54,35,9,25.71,0,0,808,1
158,fruit,Kapok,8453,355945,42,42,98,7,7.14,1,7,1208,193
159,dish,Bellini,3141,241627,77,77,606,1,0.17,0,0,3141,14
160,dish,Pumpkin pie,2851,178793,63,63,483,10,2.07,0,0,285,184
161,drink,Planter's Punch,4012,44626,11,11,365,5,1.37,0,0,802,19
162,fruit,Galia melon,12840,317592,25,25,309,6,1.94,0,10,2140,70
163,vegetable,Zucchini,2641,74731,28,28,497,8,1.61,0,0,330,43
164,drink,20th Century,10926,186131,17,17,550,10,1.82,0,0,1093,41
165,dish,Salisbury steak,13258,400582,30,30,662,9,1.36,0,0,1473,93
166,drink,Black Russian,9680,183923,19,19,622,10,1.61,0,0,968,241
167,dish,Venison,19792,301712,15,15,584,9,1.54,0,0,2199,100
168,fruit,Whinberry,17401,193592,11,11,418,6,1.44,0,0,2900,200
169,vegetable,Aubergine,12967,104702,8,8,616,1,0.16,0,0,12967,247
170,drink,Vinsanto,7641,133498,17,17,358,8,2.23,0,2,955,75
171,spices,Juniper berry,11141,405067,36,36,67,2,2.99,0,10,5570,159
172,dish,Fried Catfish,6226,412040,66,66,402,6,1.49,0,4,1038,247
173,vegetable,Curly,7409,162792,22,22,568,7,1.23,0,0,1058,41
174,vegetable,Elephant Garlic,2008,159676,80,80,577,7,1.21,0,9,287,156
175,drink,Bee's Knees,2548,338949,133,133,520,10,1.92,0,0,255,44
176,spices,Allspice,3570,421198,118,118,246,1,0.41,0,0,3570,122
177,spices,Lesser calamint,12887,309865,24,24,290,6,2.07,0,0,2148,195
178,vegetable,Gherkin,13304,34067,3,3,279,9,3.23,0,6,1478,291
179,vegetable,Water Spinach,7401,395654,53,53,459,5,1.09,0,0,1480,140
180,drink,Lynchburg Lemonade,16869,313181,19,19,165,1,0.61,0,0,16869,164
181,vegetable,Cabbage,12390,185805,15,15,256,4,1.56,0,0,3098,250
182,dish,Pepperoni Pizza,16684,201997,12,12,129,10,7.75,0,0,1668,12
183,vegetable,Bean Sprouts,4093,80448,20,20,310,6,1.94,0,0,682,178
184,vegetable,Okra,5723,214230,37,37,680,1,0.15,0,0,5723,86
185,vegetable,Fennel,16144,392872,24,24,215,1,0.47,0,5,16144,74
186,vegetable,Bok Choi,12716,90563,7,7,50,1,2.0,0,0,12716,54
187,vegetable,Edamame,12450,104548,8,8,356,5,1.4,0,0,2490,231
188,drink,Champagne,4285,229615,54,54,203,3,1.48,0,3,1428,155
189,fruit,Limeberry,9476,489904,52,52,40,4,10.0,0,0,2369,16
190,spices,Annatto,282,240701,854,854,315,1,0.32,0,0,282,156
191,fruit,Cocoplum,12,256394,21366,21366,684,3,0.44,0,0,4,42
192,drink,Skittle Bomb,9745,463727,48,48,24,8,33.33,0,3,1218,300
193,drink,Buck's Fizz,9954,490967,49,49,344,5,1.45,0,0,1991,250
194,spices,Leptotes bicolor,1560,428573,275,275,40,5,12.5,0,0,312,174
195,dish,Chicken Manchurian,10189,440182,43,43,275,0,0.0,0,0,0,293
196,vegetable,Rapini,6012,182130,30,30,118,6,5.08,0,0,1002,203
197,spices,Sassafras,3128,145757,47,47,335,6,1.79,0,0,521,201
198,spices,Anise,8583,87321,10,10,670,9,1.34,0,0,954,259
199,spices,Chives,6794,266589,39,39,225,8,3.56,0,3,849,32
200,vegetable,Green Onions/Scallions,12538,132887,11,11,254,2,0.79,0,0,6269,252
201,spices,Peppermint,14403,482308,33,33,83,2,2.41,0,4,7202,133
202,drink,Palm wine,12374,490711,40,40,293,4,1.37,0,0,3094,280
203,dish,Ranch dressing,15565,417747,27,27,505,5,0.99,0,7,3113,241
204,vegetable,Jícama,13974,39524,3,3,138,2,1.45,0,0,6987,103
205,spices,Artemisia,9773,210846,22,22,422,8,1.9,0,0,1222,128
206,vegetable,Radicchio,13826,457688,33,33,65,7,10.77,0,0,1975,211
207,dish,Cobb Salad,18142,48159,3,3,8,6,75.0,0,0,3024,161
208,fruit,Tomatillo,13094,40826,3,3,492,6,1.22,0,6,2182,183
209,dish,Chinese food,4495,389768,87,87,299,5,1.67,0,0,899,88
210,dish,Maple bacon donut,3423,81009,24,24,418,1,0.24,0,0,3423,96
211,drink,Jagertee,4084,451299,111,111,510,3,0.59,0,7,1361,172
212,fruit,Karkalla,15292,248191,16,16,492,3,0.61,0,0,5097,226
213,spices,Chicory,4755,331643,70,70,522,10,1.92,0,1,476,113
214,drink,Godmother,18134,192922,11,11,229,0,0.0,0,0,0,214
215,fruit,Limeberry,15019,136571,9,9,114,9,7.89,0,0,1669,60
216,dish,Blue-plate special,4949,139358,28,28,294,8,2.72,0,0,619,106
217,fruit,Huckleberry,1904,342249,180,180,50,2,4.0,0,0,952,86
218,drink,Ogogoro,18427,242207,13,13,391,3,0.77,0,0,6142,88
219,drink,Snakebite,14228,257705,18,18,378,10,2.65,0,0,1423,11
220,drink,Oatmeal Cookie,708,119698,169,169,567,0,0.0,0,1,0,242
221,fruit,Kapok,14694,73168,5,5,561,8,1.43,0,0,1837,220
222,drink,White Lady or Delilah,6127,403557,66,66,365,5,1.37,0,0,1225,299
223,fruit,Gac,1594,192209,121,121,88,10,11.36,0,0,159,97
224,vegetable,Fennel,5723,36387,6,6,285,6,2.11,0,10,954,211
225,spices,Cinnamon myrtle,1150,312334,272,272,78,5,6.41,0,0,230,79
226,vegetable,Cabbage,7671,289917,38,38,114,5,4.39,0,0,1534,155
227,dish,Salted caramel cookie,7590,297039,39,39,671,2,0.3,0,0,3795,44
228,drink,Greyhound,16606,138724,8,8,390,10,2.56,0,0,1661,236
229,vegetable,Aubergine,1922,447276,233,233,176,8,4.55,0,8,240,192
230,drink,Dark and Stormy,19788,235297,12,12,158,3,1.9,0,0,6596,72
231,vegetable,Lettuce,11218,44457,4,4,109,4,3.67,0,0,2804,218
232,dish,Vegemite on Toast,10941,374441,34,34,656,9,1.37,0,1,1216,231
233,vegetable,Chinese Spinach,14129,391306,28,28,10,8,80.0,0,0,1766,9
234,spices,Peppermint gum leaf,16714,452301,27,27,435,1,0.23,0,3,16714,23
235,drink,Bloodhound,10182,252792,25,25,108,5,4.63,0,0,2036,25
236,spices,Coriander seed,15552,256270,16,16,435,6,1.38,0,0,2592,50
237,fruit,Chokeberry,13935,200131,14,14,366,8,2.19,0,3,1742,247
238,fruit,Myrciaria floribunda,9137,149355,16,16,684,2,0.29,0,0,4568,237
239,spices,Lesser calamint,7117,140671,20,20,246,3,1.22,0,0,2372,297
240,drink,Harrogate Nights,2538,151522,60,60,297,0,0.0,0,0,0,40
241,vegetable,Daikon Radish,17325,397206,23,23,462,6,1.3,0,0,2888,84
242,vegetable,Corn,12199,185165,15,15,18,10,55.56,0,9,1220,112
243,drink,Pisco Sour,14376,294200,20,20,490,0,0.0,0,9,0,119
244,drink,John Collins,14721,55757,4,4,641,0,0.0,0,0,0,178
245,fruit,Lime,8716,161045,18,18,639,3,0.47,0,0,2905,101
246,fruit,Bearberry,5923,436573,74,74,50,4,8.0,0,0,1481,143
247,spices,Cinnamon myrtle,11606,231527,20,20,479,10,2.09,0,0,1161,176
248,fruit,Cryptocarya alba,3796,385523,102,102,65,2,3.08,0,0,1898,78
249,drink,Pink Gin,541,239802,443,443,608,6,0.99,0,0,90,21
250,spices,Salad burnet,16000,435064,27,27,102,8,7.84,0,0,2000,53
251,drink,Gibson,9713,386212,40,40,505,1,0.2,0,0,9713,66
252,drink,Colombia,17687,96095,5,5,350,0,0.0,0,0,0,210
253,spices,Peppermint gum leaf,4772,232239,49,49,118,5,4.24,0,5,954,242
254,drink,Royal Bermuda Cocktail,15948,329244,21,21,248,6,2.42,0,0,2658,136
255,drink,Havana Cooler,5885,323779,55,55,627,6,0.96,0,0,981,26
256,drink,Pink Lady,1730,63568,37,37,237,5,2.11,0,0,346,256
257,drink,John Collins,132,487748,3695,3695,683,10,1.46,0,8,13,238
258,dish,Hokkien fried rice,5201,123616,24,24,145,1,0.69,0,0,5201,244
259,spices,Parsley,12970,210543,16,16,691,4,0.58,0,0,3242,183
260,vegetable,Napa Cabbage,4482,190298,42,42,612,8,1.31,0,3,560,155
261,dish,Bird's Nest Soup,15515,394812,25,25,666,10,1.5,0,0,1552,7
262,dish,Steak Tartare,12579,177711,14,14,189,10,5.29,0,0,1258,5
263,vegetable,Potato,10919,149222,14,14,103,0,0.0,0,0,0,234
264,fruit,Limeberry,6965,50511,7,7,95,3,3.16,0,0,2322,109
265,dish,Sour cream,19799,314084,16,16,328,3,0.91,0,0,6600,106
266,dish,Steak sandwich,13157,408755,31,31,688,7,1.02,0,0,1880,164
267,spices,Angelica,6767,118817,18,18,541,6,1.11,0,3,1128,26
268,spices,Coriander seed,19889,425728,21,21,271,9,3.32,0,0,2210,109
269,spices,Culantro,17150,76623,4,4,292,2,0.68,0,0,8575,227
270,drink,Brass Monkey,6651,207670,31,31,22,0,0.0,0,0,0,161
271,spices,Lesser calamint,15077,349433,23,23,584,4,0.68,0,0,3769,8
272,drink,Vodka Sundowner,14723,434080,29,29,561,6,1.07,0,10,2454,16
273,spices,Aniseed myrtle,15030,85312,6,6,645,0,0.0,0,6,0,150
274,dish,Black Pudding,11455,356344,31,31,682,1,0.15,0,0,11455,263
275,dish,Reuben sandwich,13671,111110,8,8,636,8,1.26,0,0,1709,288
276,fruit,Boquila,17277,453671,26,26,616,9,1.46,0,0,1920,2
277,vegetable,Baby Corn,6002,424179,71,71,410,5,1.22,0,0,1200,200
278,dish,Funnel Cake,19589,429697,22,22,184,9,4.89,0,4,2177,98
279,fruit,Bilberry,18772,153360,8,8,247,4,1.62,0,0,4693,63
280,fruit,Amelanchier,4520,290133,64,64,571,9,1.58,0,0,502,293
281,spices,Cilantro,732,257504,352,352,363,7,1.93,0,0,105,221
282,vegetable,Water Spinach,3833,124897,33,33,439,4,0.91,0,0,958,31
283,dish,Liver and onions,6819,336184,49,49,253,2,0.79,0,7,3410,104
284,drink,Fluffy Critter,15040,331400,22,22,17,1,5.88,0,0,15040,45
285,drink,Tepache,16388,83177,5,5,210,2,0.95,0,3,8194,96
286,spices,"Cicely, sweet cicely",10983,393425,36,36,481,0,0.0,0,0,0,50
287,drink,Rum Swizzle,11751,68409,6,6,454,7,1.54,2,4,1679,143
288,fruit,Bearberry,4409,270197,61,61,155,1,0.65,0,0,4409,26
289,drink,Caesar,330,31831,96,96,413,9,2.18,0,0,37,271
290,drink,Derby,19689,329044,17,17,140,0,0.0,0,4,0,237
291,drink,Blue Blazer,15361,189833,12,12,123,8,6.5,0,0,1920,18
292,drink,Rum,14395,434255,30,30,399,9,2.26,0,0,1599,49
293,drink,Vermouth,4719,391576,83,83,415,0,0.0,0,3,0,149
294,spices,Curry leaf,5073,438597,86,86,602,2,0.33,0,0,2536,11
295,vegetable,Bok Choy,19853,420071,21,21,633,6,0.95,0,0,3309,296
296,fruit,Blue tongue,5882,71045,12,12,538,7,1.3,0,0,840,189
297,fruit,Photinia,14238,404651,28,28,64,6,9.38,0,2,2373,34
298,dish,Spanish rice,15495,351125,23,23,14,6,42.86,0,0,2582,81
299,spices,Cubeb pepper,17653,76492,4,4,222,7,3.15,0,0,2522,221
300,fruit,Triphasia brassii,13099,392422,30,30,116,6,5.17,0,0,2183,188
301,drink,Chicago,10147,83175,8,8,384,2,0.52,0,0,5074,126
302,drink,Parakari,12947,476208,37,37,63,10,15.87,0,3,1295,28
303,drink,Slivovitz,7943,169703,21,21,550,3,0.55,0,3,2648,295
304,vegetable,Celery Root/Celeriac,810,45334,56,56,345,0,0.0,0,0,0,167
305,vegetable,Arugula,1252,288703,231,231,98,4,4.08,0,0,313,229
306,fruit,Gooseberry,3022,162943,54,54,37,3,8.11,0,0,1007,282
307,fruit,Horned melon,16445,469264,29,29,657,8,1.22,0,0,2056,261
308,spices,Saigon cinnamon,8438,85698,10,10,171,0,0.0,0,0,0,168
309,fruit,Amelanchier,6073,454900,75,75,692,6,0.87,0,0,1012,195
310,fruit,Wimberry,10230,462689,45,45,201,4,1.99,0,0,2558,14
311,drink,London Fog,15847,413072,26,26,417,2,0.48,0,0,7924,39
312,drink,Nixon,11978,76339,6,6,559,7,1.25,0,4,1711,39
313,vegetable,Hearts of Palm,3311,135156,41,41,503,9,1.79,0,5,368,96
314,drink,Hangman's Blood,19611,106933,5,5,299,2,0.67,0,10,9806,213
315,fruit,Durian,13626,66266,5,5,462,0,0.0,0,0,0,292
316,vegetable,Lemongrass,5258,101719,19,19,92,2,2.17,0,5,2629,6
317,spices,Saigon cinnamon,6360,36238,6,6,617,2,0.32,0,5,3180,84
318,dish,Low Country Boil,3635,173964,48,48,239,9,3.77,0,0,404,73
319,spices,Celery leaf,11942,347079,29,29,493,6,1.22,0,0,1990,116
320,spices,Akudjura,12002,492020,41,41,559,5,0.89,0,0,2400,113
321,dish,Falafel,1926,30503,16,16,554,4,0.72,0,0,482,22
322,dish,Parma Ham,2378,106280,45,45,608,4,0.66,0,0,594,181
323,vegetable,Parsnip,10814,305244,28,28,597,7,1.17,0,0,1545,178
324,drink,Mai-Tai,11353,330682,29,29,522,6,1.15,0,10,1892,198
325,fruit,Black walnut,11730,206524,18,18,42,0,0.0,0,0,0,294
326,dish,Chips and dip,12834,495605,39,39,526,7,1.33,0,7,1833,31
327,dish,Hangtown fry,6367,185425,29,29,107,6,5.61,0,0,1061,37
328,fruit,Aronia,6770,45312,7,7,346,7,2.02,0,10,967,48
329,fruit,Durian,12454,464119,37,37,420,1,0.24,0,2,12454,6
330,vegetable,Daikon Radish,1974,464953,236,236,627,6,0.96,0,2,329,275
331,spices,Barberry,2867,435550,152,152,506,1,0.2,0,0,2867,225
332,dish,Pocky,12623,316900,25,25,174,6,3.45,0,0,2104,22
333,spices,Chicory,531,325442,613,613,104,3,2.88,0,0,177,99
334,vegetable,Bok Choi,18574,112675,6,6,551,5,0.91,0,0,3715,153
335,fruit,Photinia,7575,86815,11,11,212,10,4.72,0,7,758,122
336,dish,Charleston red rice,16863,405056,24,24,9,4,44.44,0,0,4216,173
337,dish,Fries,16616,61982,4,4,202,7,3.47,0,3,2374,44
338,spices,Lime flower,13486,279398,21,21,74,7,9.46,0,0,1927,174
339,drink,Brandy Sour,5259,499340,95,95,630,4,0.63,0,7,1315,32
340,drink,Horilka,17701,129282,7,7,695,10,1.44,0,0,1770,13
341,drink,Gin Sour,8508,63982,8,8,691,6,0.87,0,0,1418,144
342,vegetable,Amaranth Leaves,8730,289599,33,33,462,9,1.95,0,0,970,3
343,drink,Caesar,15654,65327,4,4,624,4,0.64,0,0,3914,54
344,vegetable,Radish,19377,49226,3,3,351,8,2.28,0,1,2422,172
345,spices,Jimbu,11970,300903,25,25,507,0,0.0,0,10,0,95
346,dish,Supreme pizza,13877,113963,8,8,72,3,4.17,0,0,4626,134
347,dish,Bacon Cheeseburger,15600,69847,4,4,257,7,2.72,0,1,2229,104
348,spices,Ajwain,16951,450353,27,27,431,2,0.46,0,0,8476,246
349,dish,Corn dog,11337,61215,5,5,352,1,0.28,0,0,11337,295
350,spices,Jiaogulan,6253,135390,22,22,549,10,1.82,0,0,625,17
351,fruit,Cloudberry,14166,71406,5,5,8,8,100.0,0,0,1771,207
352,fruit,Luma apiculata,7572,86790,11,11,93,7,7.53,0,0,1082,113
353,dish,Tamales,4098,233394,57,57,693,3,0.43,0,0,1366,273
354,vegetable,Hearts of Palm,19990,325684,16,16,478,5,1.05,0,0,3998,267
355,dish,Tamales,7176,388335,54,54,173,10,5.78,0,5,718,95
356,spices,Leptotes bicolor,11765,305216,26,26,347,4,1.15,0,0,2941,177
357,vegetable,Mushrooms,4800,319830,67,67,632,10,1.58,0,5,480,190
358,vegetable,Gobo,14693,311314,21,21,553,5,0.9,0,0,2939,45
359,drink,Caesar,9369,144943,15,15,357,9,2.52,0,0,1041,140
360,dish,Phaal,8528,319835,38,38,157,6,3.82,0,0,1421,180
361,dish,Greek salad,18590,192741,10,10,568,4,0.7,0,0,4648,197
362,dish,Maraca pie,1597,132714,83,83,81,9,11.11,0,5,177,72
363,fruit,Blackberry,3871,464982,120,120,407,6,1.47,0,0,645,6
364,drink,Vodka Gimlet,13081,106876,8,8,559,8,1.43,0,0,1635,43
365,dish,Naan,7876,220023,28,28,626,6,0.96,0,0,1313,38
366,spices,Basil,15220,73007,5,5,239,1,0.42,0,8,15220,96
367,dish,Chicken and waffles,18972,393054,21,21,251,8,3.19,0,0,2372,266
368,spices,Akudjura,1096,59997,55,55,526,6,1.14,0,0,183,32
369,dish,Surf and turf,411,125048,304,304,61,7,11.48,0,0,59,231
370,fruit,Cloudberry,18699,84024,4,4,39,6,15.38,0,5,3116,87
371,drink,Orange Tundra,3646,193900,53,53,419,7,1.67,0,1,521,107
372,drink,Breakfast martini,3504,233655,67,67,182,0,0.0,0,0,0,38
373,dish,Bull roast,14346,123918,9,9,644,6,0.93,0,0,2391,162
374,drink,Pulque,13406,87195,7,7,661,9,1.36,0,0,1490,288
375,fruit,Bignay,16310,228575,14,14,184,10,5.43,0,0,1631,52
376,dish,Chili con carne,7158,377758,53,53,393,7,1.78,0,0,1023,48
377,dish,Tin Roof Ice Cream,263,374120,1423,1423,240,2,0.83,0,0,132,287
378,dish,Tres Leches Cake,4640,239006,52,52,410,10,2.44,0,0,464,220
379,drink,Earthquake,5348,450311,84,84,429,7,1.63,0,0,764,274
380,drink,Kir Royal,16754,330672,20,20,102,6,5.88,0,0,2792,297
381,dish,Russian dressing,9998,285839,29,29,136,8,5.88,0,0,1250,8
382,dish,Montreal Smoked Meat,5207,139422,27,27,500,6,1.2,0,0,868,2
383,vegetable,Burdock Root,6348,245031,39,39,69,2,2.9,0,0,3174,184
384,fruit,Raspberry,15907,379162,24,24,63,5,7.94,0,10,3181,171
385,dish,Biscuit,1695,272240,161,161,7,5,71.43,0,0,339,239
386,fruit,Desert banana,12942,182091,14,14,613,6,0.98,0,0,2157,285
387,fruit,Raisin,1200,44552,37,37,529,6,1.13,0,10,200,181
388,drink,Painkiller,12422,76151,6,6,700,2,0.29,0,0,6211,195
389,drink,Bijou,9679,446200,46,46,119,7,5.88,0,0,1383,84
390,fruit,White currant,15192,150759,10,10,41,8,19.51,0,10,1899,300
391,spices,Paracress,12040,455293,38,38,219,1,0.46,0,0,12040,33
392,spices,Boldo,18183,146882,8,8,166,2,1.2,0,0,9092,71
393,drink,Canadian whisky,19997,206391,10,10,97,10,10.31,0,0,2000,81
394,dish,Hot Chicken sandwich,3329,436726,131,131,550,2,0.36,0,0,1664,90
395,dish,Wasabi Peas,12227,85481,7,7,684,1,0.15,0,0,12227,185
396,dish,Corn dog,6345,443853,70,70,260,9,3.46,0,0,705,203
397,drink,Screwdriver,10838,129240,12,12,446,2,0.45,0,8,5419,173
398,vegetable,Celery Root/Celeriac,8382,132888,16,16,23,4,17.39,0,0,2096,12
399,vegetable,Parsley,18881,445764,24,24,174,0,0.0,0,0,0,104
400,fruit,Doubah,1517,96206,63,63,276,3,1.09,0,0,506,287
401,dish,Moules Frites,1726,163006,94,94,680,3,0.44,0,0,575,91
402,drink,Gin Sour,7750,261187,34,34,678,10,1.47,0,0,775,152
403,dish,Schnitzel,17736,219626,12,12,22,1,4.55,0,0,17736,222
404,fruit,Black apple,6045,156489,26,26,340,5,1.47,0,0,1209,131
405,drink,Green Russians,2217,388939,175,175,131,5,3.82,0,0,443,290
406,drink,Rum Swizzle,8150,184764,23,23,323,6,1.86,0,0,1358,100
407,dish,Popover,16518,473262,29,29,575,5,0.87,0,10,3304,269
408,spices,Basil,13916,146432,11,11,6,2,33.33,0,0,6958,134
409,dish,Albacore Tuna Melt,17500,429377,25,25,281,1,0.36,0,6,17500,156
410,dish,Pancakes,6960,36388,5,5,641,5,0.78,0,0,1392,185
411,fruit,Hackberry,7382,178257,24,24,654,1,0.15,0,0,7382,297
412,vegetable,Green Leaf,11717,115071,10,10,618,6,0.97,0,1,1953,84
413,vegetable,Nopales,6638,410789,62,62,278,9,3.24,0,0,738,15
414,drink,Sake,2316,126654,55,55,654,2,0.31,0,0,1158,211
415,spices,Avens,3883,432075,111,111,448,8,1.79,0,0,485,202
416,spices,Cudweed,5258,387512,74,74,63,3,4.76,0,0,1753,137
417,drink,Moloko Plus,1939,454802,235,235,80,7,8.75,0,8,277,202
418,vegetable,Grape Leaves,6138,58880,10,10,312,3,0.96,0,0,2046,194
419,drink,Champagne,3366,243953,72,72,247,10,4.05,0,0,337,126
420,fruit,Durian,1516,325008,214,214,368,10,2.72,1,4,152,119
421,spices,Dorrigo,4745,438421,92,92,271,10,3.69,0,1,474,134
422,dish,Shucked Oysters,19640,133396,7,7,320,0,0.0,0,0,0,262
423,drink,Apple Martini or Appletini,19779,157041,8,8,93,1,1.08,0,0,19779,57
424,fruit,Guava,11567,30351,3,3,231,1,0.43,0,5,11567,227
425,dish,Reuben sandwich,16277,212522,13,13,426,7,1.64,0,0,2325,156
426,vegetable,Shallots,8985,408111,45,45,194,8,4.12,0,3,1123,46
427,vegetable,Pak Choy,2880,304317,106,106,366,0,0.0,0,0,0,103
428,vegetable,Swiss Chard,19389,375784,19,19,343,1,0.29,0,0,19389,1
429,fruit,Blackcurrant,15906,195301,12,12,365,10,2.74,0,0,1591,274
430,fruit,Lime,8999,216767,24,24,62,10,16.13,0,4,900,63
431,fruit,Physalis,840,244247,291,291,305,4,1.31,0,8,210,221
432,spices,Culantro,6901,54756,8,8,182,0,0.0,0,1,0,6
433,drink,U-Boot,14642,275218,19,19,700,5,0.71,0,0,2928,165
434,vegetable,Burdock Root,18536,395918,21,21,291,6,2.06,1,4,3089,225
435,vegetable,Brussels Sprouts,1544,146622,95,95,173,7,4.05,0,8,221,272
436,vegetable,Olive,13059,141861,11,11,410,4,0.98,0,0,3265,214
437,drink,Sling,8362,288056,34,34,541,2,0.37,0,0,4181,287
438,fruit,Calamondin,15075,227220,15,15,301,3,1.0,0,0,5025,132
439,dish,Bull roast,12936,64801,5,5,408,7,1.72,0,0,1848,118
440,spices,Jasmine flowers,10154,447371,44,44,493,1,0.2,0,0,10154,61
441,spices,Peppermint,17584,50074,3,3,577,0,0.0,0,0,0,59
442,vegetable,Water Chestnut,19168,407187,21,21,85,3,3.53,0,0,6389,125
443,vegetable,Escarole,6341,134489,21,21,675,0,0.0,0,0,0,164
444,dish,Crepes,2301,250696,109,109,626,6,0.96,0,0,384,84
445,spices,Clary,6317,430368,68,68,665,10,1.5,0,0,632,222
446,spices,Asarabacca,19384,203019,10,10,657,2,0.3,0,0,9692,169
447,dish,Yeung Chow fried rice,8145,261571,32,32,312,6,1.92,0,0,1358,37
448,drink,Smash,5037,164715,33,33,72,0,0.0,0,5,0,192
449,fruit,Cluster fig,7914,182400,23,23,17,10,58.82,0,0,791,165
450,spices,Paprika,10525,185592,18,18,506,0,0.0,0,2,0,204
451,fruit,Bog bilberry,4030,46093,11,11,569,5,0.88,0,0,806,81
452,dish,Flan,14925,268483,18,18,25,0,0.0,0,0,0,193
453,fruit,Black raspberry,18637,325842,17,17,76,6,7.89,0,0,3106,110
454,dish,Salted caramel cookie,5826,244861,42,42,247,2,0.81,0,0,2913,93
455,dish,Chicken nuggets,13786,80657,6,6,519,3,0.58,0,0,4595,44
456,vegetable,Shallots,18748,303185,16,16,416,4,0.96,0,0,4687,101
457,dish,Coq Au Vin,1007,425355,422,422,161,0,0.0,0,0,0,164
458,spices,Cardamom,456,76150,167,167,536,6,1.12,0,0,76,153
459,drink,Savoy Corpse Reviver,255,376981,1478,1478,41,1,2.44,0,0,255,289
460,vegetable,Squash,5118,199958,39,39,195,0,0.0,0,0,0,152
461,dish,Fried Green Tomatoes,19696,476647,24,24,570,2,0.35,0,0,9848,126
462,drink,Casino,7236,204365,28,28,514,10,1.95,0,1,724,265
463,vegetable,Ginger,13376,249752,19,19,523,10,1.91,0,0,1338,41
464,dish,Shucked Oysters,2684,116655,43,43,262,2,0.76,0,0,1342,71
465,dish,Garlic bread,9245,97469,11,11,407,2,0.49,0,0,4622,132
466,drink,Whiskey sour,5108,373674,73,73,664,2,0.3,0,0,2554,178
467,dish,Roasted Bone Marrow,12024,454139,38,38,118,9,7.63,0,2,1336,292
468,vegetable,Maize,15538,395814,25,25,143,8,5.59,0,0,1942,294
469,spices,Dorrigo,6729,422260,63,63,51,2,3.92,0,0,3364,168
470,fruit,Physalis,17773,398016,22,22,28,1,3.57,0,0,17773,153
471,dish,Alice Springs Chicken,17513,492042,28,28,369,0,0.0,0,2,0,238
472,vegetable,Arugula,17912,94385,5,5,500,4,0.8,0,0,4478,223
473,vegetable,Artichoke,9464,216392,23,23,653,8,1.23,0,0,1183,140
474,drink,Moloko Plus,8112,122684,15,15,437,0,0.0,0,7,0,10
475,spices,Akudjura,573,283165,494,494,182,10,5.49,0,3,57,218
476,spices,Sassafras,5590,166598,30,30,696,5,0.72,0,0,1118,155
477,vegetable,Peas,12994,138637,11,11,118,9,7.63,0,0,1444,262
478,dish,Polenta,3720,242433,65,65,686,7,1.02,0,9,531,271
479,vegetable,Green Beans,9740,145533,15,15,426,3,0.7,0,8,3247,135
480,dish,Alphabet pasta,6578,88614,13,13,101,0,0.0,0,0,0,237
481,fruit,Banana,1256,142699,114,114,660,10,1.52,0,0,126,208
482,fruit,Youngberry,5571,325377,58,58,411,3,0.73,0,0,1857,19
483,vegetable,Curly,10705,182477,17,17,205,1,0.49,0,0,10705,77
484,vegetable,Amaranth Leaves,4633,379672,82,82,358,4,1.12,0,0,1158,36
485,dish,Moules Frites,3619,486819,135,135,690,3,0.43,0,0,1206,227
486,vegetable,Wax Beans,19432,447565,23,23,28,6,21.43,0,0,3239,89
487,spices,Jimbu,18697,426946,23,23,14,2,14.29,0,0,9348,287
488,fruit,Guava,5436,53600,10,10,284,9,3.17,0,0,604,215
489,drink,Wolfram,7567,129783,17,17,637,1,0.16,0,0,7567,290
490,dish,Currywurst,13108,98114,7,7,268,3,1.12,0,0,4369,127
491,fruit,Kapok,18171,94608,5,5,580,6,1.03,0,0,3028,89
492,fruit,Caimito,15415,224206,15,15,531,9,1.69,0,0,1713,77
493,drink,Kaoliang,18634,313020,17,17,71,8,11.27,0,4,2329,62
494,dish,Pancakes,5436,464793,86,86,479,7,1.46,0,3,777,47
495,spices,Peppermint,14305,174932,12,12,598,5,0.84,0,0,2861,49
496,spices,Jiaogulan,19474,451258,23,23,582,3,0.52,0,0,6491,67
497,fruit,Cocona,12773,137450,11,11,187,9,4.81,0,10,1419,10
498,dish,Satay,19762,477966,24,24,277,9,3.25,0,2,2196,173
499,spices,Allspice,15832,222887,14,14,51,5,9.8,0,0,3166,147
500,vegetable,Fiddlehead,6714,149585,22,22,35,9,25.71,0,0,746,106
501,spices,Alligator pepper,5434,463580,85,85,304,9,2.96,0,0,604,183
502,dish,Shawarma,15458,270444,17,17,677,6,0.89,0,0,2576,32
503,spices,Pepper,17685,105331,6,6,232,1,0.43,0,0,17685,15
504,spices,Cinnamon,5213,63649,12,12,439,0,0.0,0,0,0,1
505,dish,Pepperoni,1801,181519,101,101,16,8,50.0,0,0,225,289
506,fruit,Hackberry,17526,152730,9,9,493,4,0.81,0,0,4382,167
507,vegetable,Bitter Melon/Bitter Gourd,16563,370152,22,22,188,8,4.26,0,0,2070,116
508,vegetable,Aubergine,14384,143112,10,10,557,4,0.72,0,0,3596,248
509,fruit,Coconut,6529,30757,5,5,175,3,1.71,0,0,2176,172
510,vegetable,Nopales,17661,372618,21,21,376,0,0.0,0,3,0,84
511,spices,Dorrigo,9049,66001,7,7,517,7,1.35,0,0,1293,55
512,dish,Sloppy joe,15456,195092,13,13,350,1,0.29,0,0,15456,52
513,dish,Potato skins,1968,310756,158,158,520,8,1.54,1,10,246,227
514,spices,Indian Bay leaf,13004,167308,13,13,69,6,8.7,0,0,2167,165
515,spices,Alkanet,5923,356182,60,60,325,10,3.08,0,8,592,123
516,fruit,Bacuri,19668,265158,13,13,429,5,1.17,0,0,3934,128
517,drink,Royce,11122,98277,9,9,480,6,1.25,0,0,1854,23
518,fruit,Redcurrant,475,403532,850,850,86,4,4.65,0,0,119,104
519,spices,Chili pepper,5242,434456,83,83,426,10,2.35,0,0,524,13
520,vegetable,Cucumber,7457,337967,45,45,695,6,0.86,0,0,1243,270
521,dish,Prawn Pizza,6685,201522,30,30,463,3,0.65,0,0,2228,199
522,vegetable,Chinese Broccoli,14906,246748,17,17,583,4,0.69,0,0,3726,15
523,drink,Paralyzer,10030,426973,43,43,541,1,0.18,0,0,10030,162
524,dish,Yeung Chow fried rice,1864,160166,86,86,326,3,0.92,0,0,621,45
525,fruit,Citron,1261,128468,102,102,559,1,0.18,0,0,1261,7
526,drink,Godmother,13281,305637,23,23,118,1,0.85,1,7,13281,105
527,spices,Pandan flower,9369,440774,47,47,628,6,0.96,0,0,1562,163
528,spices,Jiaogulan,13877,296169,21,21,7,1,14.29,0,0,13877,257
529,drink,Table wine,9727,54326,6,6,81,10,12.35,0,0,973,220
530,fruit,Cocona,5238,174234,33,33,230,4,1.74,0,7,1310,142
531,dish,Fajita,12250,378222,31,31,619,3,0.48,2,9,4083,68
532,spices,Borage,9760,262231,27,27,428,1,0.23,0,0,9760,184
533,dish,Tin Roof Ice Cream,17729,40479,2,2,352,10,2.84,0,7,1773,179
534,vegetable,Capers,15990,330014,21,21,20,4,20.0,0,3,3998,157
535,fruit,Lowbush cranberry,2087,431448,207,207,463,6,1.3,0,0,348,243
536,dish,American fried rice,3108,53303,17,17,522,3,0.57,0,0,1036,22
537,drink,Panama,19905,220616,11,11,159,3,1.89,0,0,6635,153
538,fruit,Dewberry,11883,309183,26,26,451,2,0.44,0,7,5942,19
539,dish,Buffalo Wings,15909,383248,24,24,463,3,0.65,0,8,5303,110
540,drink,Bobby Burns,14740,480269,33,33,95,3,3.16,0,0,4913,263
541,spices,Cassia,7096,457592,64,64,692,5,0.72,0,0,1419,93
542,fruit,Eugenia uniflora,2210,75290,34,34,317,10,3.15,0,0,221,215
543,fruit,Kaffir lime,9858,156710,16,16,661,4,0.61,0,0,2464,81
544,fruit,Cola nut,7554,329506,44,44,73,6,8.22,0,8,1259,28
545,dish,Chocolate cheesecake,13862,176988,13,13,451,9,2.0,0,0,1540,289
546,fruit,Jostaberry,6221,401518,65,65,15,3,20.0,0,7,2074,172
547,spices,Indian Bay leaf,14293,167077,12,12,228,0,0.0,0,0,0,124
548,fruit,Gambooge,13808,363467,26,26,615,5,0.81,0,0,2762,0
549,fruit,Beach plum,16470,269648,16,16,516,1,0.19,0,0,16470,141
550,fruit,Guava,3959,371721,94,94,129,1,0.78,0,0,3959,44
551,spices,Blue fenugreek,9495,450410,47,47,96,6,6.25,0,9,1582,15
552,spices,Lesser calamint,7668,67763,9,9,474,2,0.42,0,0,3834,128
553,drink,Canadian whisky,10166,479640,47,47,547,8,1.46,0,0,1271,265
554,dish,Osso Buco,5302,344611,65,65,400,10,2.5,0,0,530,180
555,fruit,Cranberry,4041,410586,102,102,449,0,0.0,0,9,0,175
556,fruit,Coconut,8899,242493,27,27,420,5,1.19,0,8,1780,88
557,vegetable,Spinach,187,414472,2216,2216,416,1,0.24,6,6,187,251
558,spices,Asafoetida,14590,141166,10,10,581,3,0.52,0,9,4863,134
559,fruit,Bearberry,2349,414687,177,177,458,2,0.44,0,0,1174,79
560,drink,Jungle Juice,6083,135131,22,22,576,2,0.35,0,0,3042,35
561,fruit,Lawton blackberry,19360,447400,23,23,429,9,2.1,0,0,2151,220
562,fruit,Hairless rambutan,4157,40047,10,10,145,3,2.07,0,0,1386,297
563,dish,Baba Ghanoush,2655,348256,131,131,543,3,0.55,0,0,885,207
564,vegetable,Avocado,8763,273666,31,31,169,3,1.78,0,0,2921,41
565,spices,Celery leaf,10451,152325,15,15,77,3,3.9,0,0,3484,30
566,fruit,Calabash tree,6323,125755,20,20,565,10,1.77,0,0,632,177
567,fruit,Damson plum,11045,179367,16,16,614,5,0.81,0,0,2209,181
568,dish,Cheesecake,615,253240,412,412,490,7,1.43,0,0,88,273
569,dish,Chicken herby pasta bake,4287,475138,111,111,370,6,1.62,0,0,714,219
570,fruit,Karkalla,17760,208827,12,12,17,10,58.82,1,8,1776,6
571,fruit,Huckleberry,11610,238834,21,21,500,7,1.4,0,0,1659,194
572,spices,Chili pepper,3992,144078,36,36,648,8,1.23,0,9,499,25
573,vegetable,Kohlrabi,3786,116123,31,31,445,7,1.57,0,0,541,47
574,drink,Alexander,10478,480193,46,46,135,2,1.48,0,0,5239,143
575,dish,Chicken Biryani,13662,492090,36,36,336,2,0.6,0,0,6831,17
576,drink,SakurÃ¡,14141,356301,25,25,614,3,0.49,0,0,4714,273
577,vegetable,Napa Cabbage,6249,344921,55,55,273,1,0.37,0,0,6249,67
578,spices,Juniper berry,16556,372266,22,22,253,5,1.98,0,0,3311,87
579,vegetable,Spinach,49,82315,1680,1680,629,5,0.79,0,1,10,141
580,spices,Allspice,12050,61377,5,5,661,4,0.61,0,0,3012,80
581,dish,Ribs,7664,42910,6,6,693,8,1.15,0,0,958,36
582,fruit,Sambucus,5939,207632,35,35,423,10,2.36,0,0,594,278
583,vegetable,Bok Choy,4712,305336,65,65,516,5,0.97,0,0,942,96
584,vegetable,Celery Root/Celeriac,1601,220256,138,138,40,10,25.0,0,0,160,43
585,fruit,Cocky apple,1500,186503,124,124,622,1,0.16,0,0,1500,295
586,dish,Milkshake,12599,335222,27,27,486,7,1.44,0,0,1800,139
587,fruit,Banana,11440,188320,16,16,116,8,6.9,0,0,1430,92
588,drink,Bobby Burns,12831,393231,31,31,38,4,10.53,0,2,3208,146
589,drink,Angel Face,7509,424218,56,56,1,5,500.0,0,2,1502,112
590,vegetable,Napa Cabbage,155,408630,2636,2636,283,7,2.47,0,0,22,220
591,vegetable,Capers,13589,90248,7,7,226,10,4.42,0,0,1359,201
592,vegetable,Arugula,6775,102389,15,15,381,6,1.57,0,0,1129,66
593,fruit,Lychee,11774,235598,20,20,569,10,1.76,0,0,1177,223
594,vegetable,Galangal,8819,143216,16,16,323,2,0.62,0,0,4410,30
595,dish,Laksa,12103,380787,31,31,648,10,1.54,0,0,1210,126
596,vegetable,Ginger,2407,239850,100,100,656,1,0.15,0,0,2407,135
597,spices,Peppermint,16783,121169,7,7,357,4,1.12,0,0,4196,34
598,dish,Bangers and mash,18885,349344,18,18,3,1,33.33,0,7,18885,296
599,vegetable,Water Spinach,2725,321281,118,118,442,6,1.36,0,0,454,65
600,drink,Tuxedo,12186,161511,13,13,32,9,28.12,0,0,1354,253
601,spices,Celery seed,7784,210219,27,27,115,5,4.35,0,0,1557,51
602,spices,Parsley,11852,318909,27,27,208,5,2.4,0,0,2370,116
603,spices,Curry leaf,13432,260237,19,19,164,2,1.22,0,0,6716,238
604,drink,Gunfire,22,324957,14771,14771,673,3,0.45,0,5,7,240
605,vegetable,Kale,4751,218738,46,46,252,7,2.78,0,0,679,60
606,fruit,Cocona,4364,423394,97,97,26,0,0.0,0,7,0,120
607,dish,Frybread,19206,335821,17,17,269,9,3.35,0,4,2134,123
608,drink,Hot buttered rum,2991,335967,112,112,288,0,0.0,0,0,0,270
609,dish,Risotto,5307,194464,37,37,227,0,0.0,0,0,0,216
610,dish,Bao,13675,155557,11,11,546,10,1.83,0,0,1368,272
611,vegetable,Curly,3078,330390,107,107,514,9,1.75,0,3,342,255
612,drink,Link Up,16300,487925,30,30,229,8,3.49,0,0,2038,171
613,spices,Clary,6121,404803,66,66,524,5,0.95,0,0,1224,244
614,fruit,Duku,311,382876,1231,1231,386,8,2.07,0,3,39,44
615,drink,Ouzo,16862,218068,13,13,557,1,0.18,0,0,16862,91
616,drink,Vermouth,13789,297576,22,22,548,5,0.91,0,4,2758,264
617,dish,Potatoes O'Brien,12912,407763,32,32,510,10,1.96,0,0,1291,250
618,dish,Cowboy beans,5407,266014,49,49,168,3,1.79,0,0,1802,276
619,vegetable,Lotus Root,3055,459834,151,151,137,5,3.65,0,0,611,68
620,vegetable,Celtuce,1186,356231,300,300,131,3,2.29,0,0,395,245
621,dish,Sausage gravy,16024,474611,30,30,585,0,0.0,0,0,0,87
622,drink,Sonti,2098,143942,69,69,449,10,2.23,0,0,210,250
623,spices,Basil,6855,124382,18,18,648,2,0.31,0,0,3428,169
624,fruit,Luma apiculata,9987,132395,13,13,294,10,3.4,0,2,999,131
625,fruit,Coffee,2036,271641,133,133,201,4,1.99,0,0,509,201
626,dish,Chicken à la King,14493,349667,24,24,100,6,6.0,0,0,2416,275
627,dish,Vegemite on Toast,19266,110566,6,6,499,1,0.2,0,8,19266,157
628,dish,Gazpacho,18581,489475,26,26,48,7,14.58,0,0,2654,215
629,fruit,Boquila,14550,32785,2,2,615,0,0.0,0,6,0,105
630,vegetable,Bok Choi,15965,145874,9,9,148,5,3.38,0,0,3193,208
631,drink,Pink Lady,7802,273209,35,35,358,10,2.79,0,0,780,235
632,drink,Chi-Chi,145,171416,1182,1182,485,7,1.44,0,0,21,218
633,fruit,Barbadine,7832,133330,17,17,642,7,1.09,0,0,1119,164
634,vegetable,Arugula,11899,278959,23,23,132,1,0.76,0,0,11899,47
635,dish,Salmon pasta bake,5792,156308,27,27,514,8,1.56,0,0,724,139
636,dish,Bruschetta,16304,106284,7,7,158,2,1.27,0,0,8152,73
637,spices,Annatto,16583,259232,16,16,452,7,1.55,0,0,2369,223
638,fruit,Date,1004,79281,79,79,106,9,8.49,0,0,112,100
639,fruit,Cocoplum,14177,288084,20,20,158,9,5.7,0,0,1575,236
640,fruit,Loganberry,10191,48375,5,5,331,3,0.91,0,0,3397,110
641,drink,Blue Hawaii,4836,340061,70,70,70,9,12.86,0,0,537,205
642,vegetable,Turnip Greens,8801,260018,30,30,11,7,63.64,0,0,1257,181
643,drink,Sake,2933,297863,102,102,210,4,1.9,0,4,733,16
644,fruit,Loquat,2701,194399,72,72,595,3,0.5,0,0,900,204
645,fruit,Barbadine,10442,444426,43,43,305,0,0.0,0,9,0,240
646,spices,Lesser calamint,7117,64360,9,9,665,10,1.5,0,2,712,258
647,vegetable,Wax Beans,5667,223990,40,40,0,7,0,0,0,810,136
648,vegetable,Artichoke,15753,88583,6,6,682,6,0.88,0,0,2626,176
649,dish,Vegemite on Toast,10385,230693,22,22,670,10,1.49,0,0,1038,207
650,fruit,Camu camu,3273,133175,41,41,412,4,0.97,0,0,818,26
651,vegetable,Grape Leaves,15036,256837,17,17,619,9,1.45,0,0,1671,244
652,dish,Stuffed zucchini,2184,143521,66,66,245,6,2.45,0,0,364,172
653,vegetable,Corn,10374,224800,22,22,415,1,0.24,0,6,10374,294
654,vegetable,Bok Choy,4485,445139,99,99,431,1,0.23,0,0,4485,231
655,spices,Curry plant,14328,258974,18,18,642,10,1.56,0,0,1433,39
656,spices,Caraway,5965,150269,25,25,301,10,3.32,0,0,596,61
657,drink,Jungle Juice,15553,101237,7,7,346,2,0.58,0,0,7776,229
658,dish,Chicken Alfredo,13621,325811,24,24,300,7,2.33,0,0,1946,290
659,spices,"Licorice, liquorice",8902,249833,28,28,351,0,0.0,0,0,0,74
660,vegetable,Baby Corn,9566,53690,6,6,305,2,0.66,0,0,4783,215
661,vegetable,Spinach,1281,445748,348,348,56,1,1.79,0,0,1281,289
662,drink,Palm wine,4321,434202,100,100,182,5,2.75,0,0,864,291
663,spices,Borage,7333,414464,57,57,627,1,0.16,0,0,7333,35
664,spices,Alexanders,11064,126467,11,11,501,0,0.0,0,0,0,138
665,dish,Sonofabitch stew,9330,460236,49,49,279,2,0.72,0,0,4665,217
666,dish,Ice Cream,11836,141546,12,12,22,3,13.64,0,0,3945,160
667,fruit,Coffee,18629,166137,9,9,688,7,1.02,0,0,2661,261
668,dish,Potato salad,6172,353302,57,57,609,7,1.15,0,0,882,0
669,drink,RakÄ~+mn~,10117,455182,45,45,313,4,1.28,0,9,2529,211
670,vegetable,Ornamental,22,272439,12384,12384,261,9,3.45,0,0,2,260
671,drink,Royce,11990,109952,9,9,488,3,0.61,0,0,3997,34
672,drink,Flirtini,17875,396530,22,22,656,0,0.0,0,0,0,63
673,drink,Pale ale,6811,326207,48,48,661,3,0.45,0,0,2270,149
674,spices,Avens,15768,362544,23,23,335,4,1.19,0,0,3942,77
675,spices,Celery leaf,19605,412841,21,21,563,10,1.78,0,2,1960,288
676,drink,Tennessee whiskey,4519,244767,54,54,393,10,2.54,0,0,452,92
677,drink,Greyhound,15560,110821,7,7,36,3,8.33,0,0,5187,229
678,drink,Kir Royal,14094,165686,12,12,674,9,1.34,0,0,1566,47
679,dish,Sour cream,7262,206866,28,28,428,5,1.17,0,0,1452,41
680,vegetable,Horseradish,4162,88971,21,21,387,10,2.58,0,0,416,293
681,dish,Calamari,10065,101005,10,10,476,5,1.05,0,0,2013,199
682,dish,Moules Frites,2474,452329,183,183,292,9,3.08,0,0,275,193
683,drink,Gunfire,16476,403990,25,25,151,9,5.96,0,0,1831,300
684,vegetable,Snap Beans,15459,230816,15,15,511,4,0.78,0,0,3865,75
685,fruit,Desert fig,7271,283699,39,39,100,6,6.0,0,0,1212,63
686,dish,Maple Bacon Doughnut,18839,430551,23,23,252,0,0.0,0,9,0,180
687,drink,Singapore Sling,2472,187426,76,76,81,6,7.41,0,0,412,299
688,fruit,Limequat,2229,300542,135,135,348,9,2.59,0,0,248,191
689,vegetable,Escarole,4311,49535,11,11,134,7,5.22,0,3,616,41
690,dish,Clam chowder,9235,208638,23,23,303,2,0.66,0,0,4618,11
691,drink,Marsala,19476,214823,11,11,594,4,0.67,0,0,4869,43
692,vegetable,Calabash,5449,168450,31,31,395,3,0.76,0,0,1816,225
693,vegetable,Pak Choy,14954,442975,30,30,187,3,1.6,0,0,4985,177
694,vegetable,Swiss Chard,6435,449475,70,70,392,6,1.53,0,0,1072,40
695,fruit,Kaffir lime,7728,202936,26,26,189,6,3.17,0,0,1288,272
696,vegetable,Onion,16603,469140,28,28,586,7,1.19,0,3,2372,221
697,vegetable,Garlic,14302,206067,14,14,73,10,13.7,0,0,1430,7
698,spices,Celery seed,13868,176770,13,13,451,4,0.89,0,0,3467,172
699,drink,Pilsener,6614,36409,6,6,45,1,2.22,0,2,6614,277
700,spices,Juniper berry,1197,423472,354,354,39,10,25.64,0,4,120,277
701,vegetable,Parsley,16183,434763,27,27,181,6,3.31,0,8,2697,260
702,spices,Salad burnet,7903,256950,33,33,693,10,1.44,0,0,790,30
703,dish,Mission burrito,10129,143247,14,14,73,6,8.22,0,0,1688,129
704,dish,Vegemite on Toast,4149,413885,100,100,425,8,1.88,0,0,519,21
705,fruit,Limequat,7777,314353,40,40,540,2,0.37,0,0,3888,156
706,fruit,Edible honeysuckle,8946,73983,8,8,424,7,1.65,0,0,1278,136
707,vegetable,Spinach,11270,373961,33,33,427,7,1.64,0,0,1610,133
708,dish,Fried Catfish,13636,62640,5,5,462,6,1.3,0,0,2273,204
709,fruit,Bael,16573,368462,22,22,45,1,2.22,0,0,16573,267
710,vegetable,Green Onions/Scallions,162,115157,711,711,483,1,0.21,0,0,162,78
711,spices,Celery seed,8986,223502,25,25,366,2,0.55,0,0,4493,221
712,fruit,Black cherry,1771,217276,123,123,608,3,0.49,0,0,590,266
713,vegetable,Green peas,10122,59120,6,6,626,9,1.44,0,0,1125,225
714,fruit,Desert banana,12406,318897,26,26,6,9,150.0,0,0,1378,70
715,dish,London broil,13036,191227,15,15,395,8,2.03,0,0,1630,101
716,dish,Eggs Neptune,9076,405432,45,45,376,5,1.33,0,5,1815,87
717,spices,Cumin,11060,225059,20,20,446,8,1.79,0,0,1382,171
718,spices,Basil,14363,302315,21,21,91,9,9.89,0,1,1596,222
719,vegetable,Ornamental,11021,349000,32,32,468,1,0.21,0,0,11021,125
720,spices,"Licorice, liquorice",3778,33073,9,9,616,9,1.46,0,6,420,123
721,vegetable,Romaine,13414,121643,9,9,604,8,1.32,0,0,1677,64
722,spices,Asarabacca,31,365036,11775,11775,130,3,2.31,0,0,10,177
723,drink,Sake Bomb,18812,80269,4,4,639,1,0.16,0,0,18812,49
724,drink,Wine,5429,384379,71,71,5,0,0.0,0,0,0,275
725,fruit,Coco plum,15251,370361,24,24,372,6,1.61,0,0,2542,56
726,dish,Sloppy joe,11995,209573,17,17,528,3,0.57,0,0,3998,96
727,dish,Chimichanga,5332,334358,63,63,692,10,1.45,0,3,533,101
728,dish,Shrimp and Grits,16229,436312,27,27,94,7,7.45,0,0,2318,201
729,fruit,Partridgeberry,16657,319148,19,19,104,8,7.69,0,0,2082,125
730,fruit,European blueberry,11309,111450,10,10,252,5,1.98,0,0,2262,182
